group,importance_pct
Лаги потребления,68.41401490509797
Календарные,25.832437541813686
Скользящие средние,4.825042526336708
Температура,0.9285050267516208
